<?xml version="1.0" encoding="UTF-8" ?>
<!DOCTYPE mapper PUBLIC "-//mybatis.org//DTD Mapper 3.0//EN" 
"http://mybatis.org/dtd/mybatis-3-mapper.dtd">
<mapper namespace="com.mapper.BanjiMapper">
	<select id="findBanjiList" 
		resultType="Banji">
		select * from banji 
	</select>
	
	<select id="query" parameterType="java.util.Map" resultType="Banji">
		select * from banji  
		<where>
			<if test="id!=null and id!=0">
			   and id= #{id}
			</if>
			 
		</where>
	</select>
	
	
	<select id="queryBanjiById" parameterType="int" resultType="Banji">
		select * from banji where id=${value}
	</select>
 


	<insert id="insertBanji" useGeneratedKeys="true" keyProperty="id" parameterType="Banji">
		insert into banji
		(name,rs)
		values
		(#{name},#{rs});
	</insert>
 
	
  
 
 
 



	<update id="updateBanji" parameterType="Banji" >
		update banji set
		 name=#{name},rs=#{rs}
		where
		id=#{id}	
	</update>
	
 
	
	<delete id="deleteBanji" parameterType="int">
	    delete from  banji where id=${value}
	</delete>

</mapper>

 