<?xml version="1.0" encoding="UTF-8" ?>
<!DOCTYPE mapper PUBLIC "-//mybatis.org//DTD Mapper 3.0//EN" 
"http://mybatis.org/dtd/mybatis-3-mapper.dtd">
<mapper namespace="com.mapper.BaoxiuMapper">
	<select id="findBaoxiuList" 
		resultType="Baoxiu">
		select * from baoxiu 
	</select>
	
	<select id="query" parameterType="java.util.Map" resultType="Baoxiu">
		select * from baoxiu  
		<where>
			<if test="id!=null and id!=0">
			   and id= #{id}
			</if>
			<if test="sid!=null and sid!=0">
			   and sid= #{sid}
			</if>
			
		</where>
	</select>
	
	
	<select id="queryBaoxiuById" parameterType="int" resultType="Baoxiu">
		select * from baoxiu where id=${value}
	</select>
 


	<insert id="insertBaoxiu" useGeneratedKeys="true" keyProperty="id" parameterType="Baoxiu">
		insert into baoxiu
		(susheid,bxinfo,bxsj,chuli,clsj,state,sid)
		values
		(#{susheid},#{bxinfo},#{bxsj},#{chuli},#{clsj},#{state},#{sid});
	</insert>
 
	
  
 
 
 
 
 
 
 



	<update id="updateBaoxiu" parameterType="Baoxiu" >
		update baoxiu set
		susheid=#{susheid},bxinfo=#{bxinfo},bxsj=#{bxsj},chuli=#{chuli},clsj=#{clsj},state=#{state},sid=#{sid}
		where
		id=#{id}	
	</update>
	
 
	
	<delete id="deleteBaoxiu" parameterType="int">
	    delete from  baoxiu where id=${value}
	</delete>

</mapper>

 