<?xml version="1.0" encoding="UTF-8" ?>
<!DOCTYPE mapper PUBLIC "-//mybatis.org//DTD Mapper 3.0//EN" 
"http://mybatis.org/dtd/mybatis-3-mapper.dtd">
<mapper namespace="com.mapper.GonggaoMapper">
	<select id="findGonggaoList" 
		resultType="Gonggao">
		select * from gonggao 
	</select>
	
	<select id="query" parameterType="java.util.Map" resultType="Gonggao">
		select * from gonggao  
		<where>
			<if test="id!=null and id!=0">
			   and id= #{id}
			</if>
			 <if test="title!=null and title!=''">
			   and title like  '%${title}%'
			</if>
			
		</where>
		
		<if test="pagesize!=null and pagesize!=0">
			 limit  #{offset},#{pagesize}
		</if>
	</select>
	
	
	<select id="queryGonggaoById" parameterType="int" resultType="Gonggao">
		select * from gonggao where id=${value}
	</select>
 


	<insert id="insertGonggao" useGeneratedKeys="true" keyProperty="id" parameterType="Gonggao">
		insert into gonggao
		(title,contents,fbsj)
		values
		(#{title},#{contents},#{fbsj});
	</insert>
 
	
  
 
 
 



	<update id="updateGonggao" parameterType="Gonggao" >
		update gonggao set
		title=#{title},contents=#{contents},fbsj=#{fbsj}
		where
		id=#{id}	
	</update>
	
 
	
	<delete id="deleteGonggao" parameterType="int">
	    delete from  gonggao where id=${value}
	</delete>

</mapper>

 