<?xml version="1.0" encoding="UTF-8" ?>
<!DOCTYPE mapper PUBLIC "-//mybatis.org//DTD Mapper 3.0//EN" 
"http://mybatis.org/dtd/mybatis-3-mapper.dtd">
<mapper namespace="com.mapper.LaifangMapper">
	<select id="findLaifangList" 
		resultType="Laifang">
		select * from laifang 
	</select>
	
	<select id="query" parameterType="java.util.Map" resultType="Laifang">
		select * from laifang  
		<where>
			<if test="id!=null and id!=0">
			   and id= #{id}
			</if>
		</where>
	</select>
	
	
	<select id="queryLaifangById" parameterType="int" resultType="Laifang">
		select * from laifang where id=${value}
	</select>
 


	<insert id="insertLaifang" useGeneratedKeys="true" keyProperty="id" parameterType="Laifang">
		insert into laifang
		(name,idno,lfsj,remarks)
		values
		(#{name},#{idno},#{lfsj},#{remarks});
	</insert>
 
	
  
 
 
 
 



	<update id="updateLaifang" parameterType="Laifang" >
		update laifang set
		name=#{name},idno=#{idno},lfsj=#{lfsj},remarks=#{remarks}
		where
		id=#{id}	
	</update>
	
 
	
	<delete id="deleteLaifang" parameterType="int">
	    delete from  laifang where id=${value}
	</delete>

</mapper>

 