<?xml version="1.0" encoding="UTF-8" ?>
<!DOCTYPE mapper PUBLIC "-//mybatis.org//DTD Mapper 3.0//EN" 
"http://mybatis.org/dtd/mybatis-3-mapper.dtd">
<mapper namespace="com.mapper.ShuifeiMapper">
	<select id="findShuifeiList" 
		resultType="Shuifei">
		select * from shuifei 
	</select>
	
	
	
	<select id="query" parameterType="java.util.Map" resultType="Shuifei">
		select * from shuifei  
		<where>
			<if test="id!=null and id!=0">
			   and id= #{id}
			</if>
			<if test="susheid!=null and susheid!=0">
			   and susheid= #{susheid}
			</if>
			
		</where>
	</select>
	
	<select id="reportFee" parameterType="java.util.Map" resultType="Shuifei">
		 select feemonth,sum(nums) nums ,sum(fee) fee,sum(dnums) dnums ,sum(dfee) dfee from shuifei where fee is not null group by feemonth
	</select>
	
	
	<select id="queryShuifeiById" parameterType="int" resultType="Shuifei">
		select * from shuifei where id=${value}
	</select>
 


	<insert id="insertShuifei" useGeneratedKeys="true" keyProperty="id" parameterType="Shuifei">
		insert into shuifei
		(susheid,susheadmin,feemonth,fujian,fee,nums,dnums,dfee)
		values
		(#{susheid},#{susheadmin},#{feemonth},#{fujian},#{fee},#{nums},#{dnums},#{dfee});
	</insert>
 

	<update id="updateShuifei" parameterType="Shuifei" >
		update shuifei set
		susheid=#{susheid},susheadmin=#{susheadmin},feemonth=#{feemonth},fujian=#{fujian},fee=#{fee},nums=#{nums},dnums=#{dnums},dfee=#{dfee}
		where
		id=#{id}	
	</update>
	
 
	
	<delete id="deleteShuifei" parameterType="int">
	    delete from  shuifei where id=${value}
	</delete>

</mapper>

 