<?xml version="1.0" encoding="UTF-8" ?>
<!DOCTYPE mapper PUBLIC "-//mybatis.org//DTD Mapper 3.0//EN" 
"http://mybatis.org/dtd/mybatis-3-mapper.dtd">
<mapper namespace="com.mapper.StudentMapper">
	<select id="findStudentList" 
		resultType="Student">
		select * from student 
	</select>
	
	<select id="query" parameterType="java.util.Map" resultType="Student">
		select * from student  
		<where>
			<if test="id!=null and id!=0">
			   and id= #{id}
			</if>
			<if test="banji!=null and banji!=0">
			   and banji= #{banji}
			</if>
		 
			 <if test="upwd!=null and upwd!=''">
			   and upwd= #{upwd}
			</if>
			 <if test="sno!=null and sno!=''">
			   and sno= #{sno}
			</if>
			<if test="sex!=null and sex!=''">
			   and sex= #{sex}
			</if>
			<if test="wfp!=null and wfp!=''">
			   and (susheid is null or susheid=0)
			</if>
			<if test="state!=null and state!=''">
			   and state= #{state}
			</if>
		</where>
	</select>
	
	
	<select id="queryStudentById" parameterType="int" resultType="Student">
		select * from student where id=${value}
	</select>
 


	<insert id="insertStudent" useGeneratedKeys="true" keyProperty="id" parameterType="Student">
		insert into student
		(sno,name,sex,rxnf,banji,yuanxi,mtel,ftel,upwd,susheid,state)
		values
		(#{sno},#{name},#{sex},#{rxnf},#{banji},#{yuanxi},#{mtel},#{ftel},#{upwd},#{susheid},#{state});
	</insert>
 
	<update id="updateStudent" parameterType="Student" >
		update student set
		sno=#{sno},name=#{name},sex=#{sex},rxnf=#{rxnf},banji=#{banji},yuanxi=#{yuanxi},mtel=#{mtel},ftel=#{ftel},susheid=#{susheid},upwd=#{upwd},state=#{state}
		where
		id=#{id}	
	</update>
	
 
	
	<delete id="deleteStudent" parameterType="int">
	    delete from  student where id=${value}
	</delete>

</mapper>

 