<?xml version="1.0" encoding="UTF-8" ?>
<!DOCTYPE mapper PUBLIC "-//mybatis.org//DTD Mapper 3.0//EN" 
"http://mybatis.org/dtd/mybatis-3-mapper.dtd">
<mapper namespace="com.mapper.SusheMapper">
	<select id="findSusheList" 
		resultType="Sushe">
		select * from sushe 
	</select>
	
	<select id="query" parameterType="java.util.Map" resultType="Sushe">
		select * from sushe  
		<where>
			<if test="id!=null and id!=0">
			   and id= #{id}
			</if>
		</where>
	</select>
	
		<select id="querySushe" parameterType="java.util.Map" resultType="Sushe">
		select * from sushe where sushelouid in (select id from sushelou where sex=#{sex})
	</select>
	
	
	<select id="querySusheById" parameterType="int" resultType="Sushe">
		select * from sushe where id=${value}
	</select>
 


	<insert id="insertSushe" useGeneratedKeys="true" keyProperty="id" parameterType="Sushe">
		insert into sushe
		(name,rnrs,xjrs,sushelouid)
		values
		(#{name},#{rnrs},#{xjrs},#{sushelouid});
	</insert>
 
	
  
 
 
 



	<update id="updateSushe" parameterType="Sushe" >
		update sushe set
		name=#{name},rnrs=#{rnrs},xjrs=#{xjrs},sushelouid=#{sushelouid}
		where
		id=#{id}	
	</update>
	
 
	
	<delete id="deleteSushe" parameterType="int">
	    delete from  sushe where id=${value}
	</delete>

</mapper>

 