<?xml version="1.0" encoding="UTF-8" ?>
<!DOCTYPE mapper PUBLIC "-//mybatis.org//DTD Mapper 3.0//EN" 
"http://mybatis.org/dtd/mybatis-3-mapper.dtd">
<mapper namespace="com.mapper.SushelouMapper">
	<select id="findSushelouList" 
		resultType="Sushelou">
		select * from sushelou 
	</select>
	
	<select id="query" parameterType="java.util.Map" resultType="Sushelou">
		select * from sushelou  
		<where>
			<if test="id!=null and id!=0">
			   and id= #{id}
			</if>
		</where>
	</select>
	
	
	<select id="querySushelouById" parameterType="int" resultType="Sushelou">
		select * from sushelou where id=${value}
	</select>
 


	<insert id="insertSushelou" useGeneratedKeys="true" keyProperty="id" parameterType="Sushelou">
		insert into sushelou
		(name,scount,tnums,mid,sex)
		values
		(#{name},#{scount},#{tnums},#{mid},#{sex});
	</insert>
 
	
  
 
 
 
 



	<update id="updateSushelou" parameterType="Sushelou" >
		update sushelou set
		name=#{name},scount=#{scount},tnums=#{tnums},mid=#{mid},sex=#{sex}
		where
		id=#{id}	
	</update>
	
 
	
	<delete id="deleteSushelou" parameterType="int">
	    delete from  sushelou where id=${value}
	</delete>

</mapper>

 