<?xml version="1.0" encoding="UTF-8" ?>
<!DOCTYPE mapper PUBLIC "-//mybatis.org//DTD Mapper 3.0//EN" 
"http://mybatis.org/dtd/mybatis-3-mapper.dtd">
<mapper namespace="com.mapper.TAdminMapper">

	
	
	<select id="findTAdminList" 
		resultType="TAdmin">
		select * from admin 
	</select>
	
	<select id="query" parameterType="java.util.Map" resultType="TAdmin">
		select * from  admin  
		<where>
			<if test="id!=null and id!=0">
			   and id= #{id}
			</if>
			 <if test="uname!=null and uname!=''">
			   and uname= #{uname}
			</if>
			 <if test="upwd!=null and upwd!=''">
			   and upwd= #{upwd}
			</if>
		</where>
	</select>
	
	
	<select id="queryTAdminById" parameterType="int" resultType="TAdmin">
		select * from admin where id=${value}
	</select>

	<insert id="insertTAdmin" useGeneratedKeys="true" keyProperty="id" parameterType="TAdmin">
		insert into admin
		(uname,upwd)
		values
		(#{uname},#{upwd});
	</insert>
 
	
	<update id="updateTAdmin" parameterType="TAdmin" >
		update admin set
		uname=#{uname},upwd=#{upwd}
		where
		id=#{id}	
	</update>
	
 
	
	<delete id="deleteTAdmin" parameterType="int">
	    delete from  admin where id=${value}
	</delete>

</mapper>
